first_name,last_name,gender,birthday,email,phone
Kyle,Freeman,male,1960-01-01,kyle@teacher.com,555-415-2020
Claire,Lai,female,1960-01-01,claire@teacher.com,555-415-2020
Amiram,Bhatt,male,1960-01-01,amiram@teacher.com,555-415-2020
Daniela,Joyce,female,1960-01-01,daniela@teacher.com,555-415-2020
Laila,Cha,female,1960-01-01,laila@teacher.com,555-415-2020
Karim,Pepin,male,1960-01-01,karim@teacher.com,555-415-2020
Ricky,Chiang,male,1960-01-01,ricky@teacher.com,555-415-2020
Kari,James,female,1960-01-01,kari@teacher.com,555-415-2020
Julie,Change,female,1960-01-01,julie@teacher.com,555-415-2020